{"all": {"Precision": 0.0070362107430925, "Recall": 0.036155202821869487, "mAP50": 0.003839083269887, "mAP50-95": 0.0015004547129377145}, "person": {"Precision": 0.0, "Recall": 0.0, "mAP50": 0.0, "mAP50-95": 0.0}, "ball": {"Precision": 0.0, "Recall": 0.0, "mAP50": 0.0, "mAP50-95": 0.0}}