{"all": {"Precision": 0.8431884320228198, "Recall": 0.31047033041732924, "mAP50": 0.34034255493894466, "mAP50-95": 0.14154056869817938}, "person": {"Precision": 0.6863768640456396, "Recall": 0.6209406608346585, "mAP50": 0.6647789562665842, "mAP50-95": 0.27677482254193836}, "ball": {"Precision": 1.0, "Recall": 0.0, "mAP50": 0.01590615361130513, "mAP50-95": 0.006306314854420433}}