{"all": {"Precision": 0.8971136277613848, "Recall": 0.3395348837209302, "mAP50": 0.41835558109132015, "mAP50-95": 0.18283081318094058}, "person": {"Precision": 0.7942272555227696, "Recall": 0.6790697674418604, "mAP50": 0.7357928816797544, "mAP50-95": 0.3345035269905958}, "ball": {"Precision": 1.0, "Recall": 0.0, "mAP50": 0.10091828050288588, "mAP50-95": 0.031158099371285365}}