{"all": {"Precision": 0.567807310755273, "Recall": 0.5336007396161996, "mAP50": 0.539364683764088, "mAP50-95": 0.2472689980845899}, "person": {"Precision": 0.6808710643818533, "Recall": 0.7689075630252101, "mAP50": 0.7684158727960254, "mAP50-95": 0.37496552721118015}, "ball": {"Precision": 0.45474355712869274, "Recall": 0.298293916207189, "mAP50": 0.3103134947321504, "mAP50-95": 0.11957246895799967}}