{"all": {"Precision": 0.42319409853642687, "Recall": 0.3633775803365029, "mAP50": 0.3269630588779028, "mAP50-95": 0.14293026606253534}, "person": {"Precision": 0.5140801328788251, "Recall": 0.4855769230769231, "mAP50": 0.44677727256162586, "mAP50-95": 0.18447238896127122}, "ball": {"Precision": 0.3323080641940286, "Recall": 0.24117823759608273, "mAP50": 0.20714884519417975, "mAP50-95": 0.10138814316379952}}