{"all": {"Precision": 0.5645956513403869, "Recall": 0.7753630994263733, "mAP50": 0.5960934628091037, "mAP50-95": 0.2508652037241671}, "person": {"Precision": 0.5703233389965545, "Recall": 0.8557692307692307, "mAP50": 0.7585079653350186, "mAP50-95": 0.3197288404713732}, "ball": {"Precision": 0.5588679636842192, "Recall": 0.6949569680835158, "mAP50": 0.43367896028318886, "mAP50-95": 0.18200156697696093}}