{"all": {"Precision": 0.8509869697712253, "Recall": 0.296218487394958, "mAP50": 0.37178275670779304, "mAP50-95": 0.16476489355776097}, "person": {"Precision": 0.7019739395424506, "Recall": 0.592436974789916, "mAP50": 0.6796122749389398, "mAP50-95": 0.31833637550299065}, "ball": {"Precision": 1.0, "Recall": 0.0, "mAP50": 0.06395323847664619, "mAP50-95": 0.011193411612531332}}