{"all": {"Precision": 0.5041240916392089, "Recall": 0.5494729907773386, "mAP50": 0.5155759114321953, "mAP50-95": 0.24388961591174785}, "person": {"Precision": 0.6417609565196492, "Recall": 0.8565217391304348, "mAP50": 0.8251329460215154, "mAP50-95": 0.41320187676158315}, "ball": {"Precision": 0.3664872267587687, "Recall": 0.24242424242424243, "mAP50": 0.20601887684287512, "mAP50-95": 0.0745773550619124}}