{"all": {"Precision": 0.8961503541176828, "Recall": 0.3782608695652174, "mAP50": 0.4085380932124308, "mAP50-95": 0.18790893404613135}, "person": {"Precision": 0.7923007082353657, "Recall": 0.7565217391304347, "mAP50": 0.7812736521527812, "mAP50-95": 0.3594901017634262}, "ball": {"Precision": 1.0, "Recall": 0.0, "mAP50": 0.035802534272080355, "mAP50-95": 0.016327766328836535}}