{"all": {"Precision": 0.9008815409061264, "Recall": 0.3395348837209302, "mAP50": 0.41664016760761174, "mAP50-95": 0.18249397212902613}, "person": {"Precision": 0.8017630818122528, "Recall": 0.6790697674418604, "mAP50": 0.7348136932928823, "mAP50-95": 0.3341875267440729}, "ball": {"Precision": 1.0, "Recall": 0.0, "mAP50": 0.09846664192234121, "mAP50-95": 0.030800417513979373}}