{"all": {"Precision": 0.4009033515287607, "Recall": 0.002403846153846154, "mAP50": 0.002857138436744561, "mAP50-95": 0.0009525488640351997}, "person": {"Precision": 0.8018067030575214, "Recall": 0.004807692307692308, "mAP50": 0.005714276873489122, "mAP50-95": 0.0019050977280703995}, "ball": {"Precision": 0.0, "Recall": 0.0, "mAP50": 0.0, "mAP50-95": 0.0}}