{"all": {"Precision": 0.6069606344699146, "Recall": 0.5144067268646031, "mAP50": 0.48527863326516485, "mAP50-95": 0.20534427176804954}, "person": {"Precision": 0.7883761635953348, "Recall": 0.6584430833588357, "mAP50": 0.7238864678302364, "mAP50-95": 0.32899150106779856}, "ball": {"Precision": 0.4255451053444944, "Recall": 0.37037037037037035, "mAP50": 0.24667079870009337, "mAP50-95": 0.0816970424683006}}