{"all": {"Precision": 0.7219490355273619, "Recall": 0.25217391304347825, "mAP50": 0.21513751505366918, "mAP50-95": 0.07521499639214466}, "person": {"Precision": 0.44389807105472373, "Recall": 0.5043478260869565, "mAP50": 0.4174454495333869, "mAP50-95": 0.14914703472689417}, "ball": {"Precision": 1.0, "Recall": 0.0, "mAP50": 0.012829580573951437, "mAP50-95": 0.0012829580573951436}}