{"all": {"Precision": 0.8856833758399608, "Recall": 0.35439459910516047, "mAP50": 0.41502621026787545, "mAP50-95": 0.17913708257292754}, "person": {"Precision": 0.7713667516799216, "Recall": 0.7087891982103209, "mAP50": 0.7625761208559568, "mAP50-95": 0.34204413037243664}, "ball": {"Precision": 1.0, "Recall": 0.0, "mAP50": 0.06747629967979413, "mAP50-95": 0.016230034773418427}}