{"all": {"Precision": 0.8290872686456418, "Recall": 0.36778846153846156, "mAP50": 0.36088453841836066, "mAP50-95": 0.1459692264104398}, "person": {"Precision": 0.6581745372912835, "Recall": 0.7355769230769231, "mAP50": 0.6903902412642836, "mAP50-95": 0.2805737185678142}, "ball": {"Precision": 1.0, "Recall": 0.0, "mAP50": 0.03137883557243769, "mAP50-95": 0.011364734253065325}}