{"all": {"Precision": 0.8766981869807995, "Recall": 0.2930232558139535, "mAP50": 0.34441651387294736, "mAP50-95": 0.1467861462379122}, "person": {"Precision": 0.753396373961599, "Recall": 0.586046511627907, "mAP50": 0.6727984849092832, "mAP50-95": 0.28783321861472955}, "ball": {"Precision": 1.0, "Recall": 0.0, "mAP50": 0.01603454283661152, "mAP50-95": 0.005739073861094836}}