{"all": {"Precision": 0.007091249665507091, "Recall": 0.023368606701940034, "mAP50": 0.004139154634311632, "mAP50-95": 0.0019081489311108043}, "person": {"Precision": 0.014182499331014183, "Recall": 0.04673721340388007, "mAP50": 0.008278309268623264, "mAP50-95": 0.0038162978622216085}, "ball": {"Precision": 0.0, "Recall": 0.0, "mAP50": 0.0, "mAP50-95": 0.0}}